entregador_id,nome,cidade,uf,veiculo,data_inicio
1,Felipe Rodrigues,Belo Horizonte,MG,Bicicleta,2022-06-29
2,Felipe Santos,Brasília,DF,Bicicleta,2023-02-08
3,Pedro Oliveira,Goiânia,GO,Bicicleta,2022-02-07
4,João Silva,São Paulo,SP,Bicicleta,2022-05-14
5,Lucas Costa,Rio de Janeiro,RJ,Moto,2023-03-31
6,Matheus Santos,Recife,PE,Carro,2023-04-28
7,Rafael Nascimento,Rio de Janeiro,RJ,Carro,2023-04-03
8,Gabriel Ferreira,Fortaleza,CE,Carro,2022-03-26
9,Felipe Oliveira,Goiânia,GO,Moto,2022-02-21
10,Pedro Souza,Salvador,BA,Bicicleta,2022-12-23
11,Rodrigo Pereira,Brasília,DF,Carro,2022-05-25
12,Pedro Santos,Porto Alegre,RS,Moto,2022-07-21
13,Rodrigo Rodrigues,Goiânia,GO,Moto,2022-01-28
14,Gabriel Ferreira,Salvador,BA,Moto,2022-05-31
15,Bruno Souza,Goiânia,GO,Moto,2022-01-14
16,Matheus Pereira,Curitiba,PR,Moto,2022-08-31
17,João Ferreira,Rio de Janeiro,RJ,Bicicleta,2022-09-08
18,Lucas Almeida,Porto Alegre,RS,Bicicleta,2022-04-05
19,Felipe Costa,Salvador,BA,Moto,2022-08-17
20,João Rodrigues,São Paulo,SP,Bicicleta,2022-05-15
21,João Nascimento,Curitiba,PR,Moto,2022-03-19
22,Lucas Costa,Rio de Janeiro,RJ,Carro,2022-07-31
23,Pedro Almeida,Goiânia,GO,Moto,2023-03-07
24,Rodrigo Ferreira,Recife,PE,Carro,2022-12-18
25,Thiago Souza,Fortaleza,CE,Bicicleta,2022-06-03
26,Felipe Silva,Rio de Janeiro,RJ,Carro,2022-10-20
27,Thiago Nascimento,Brasília,DF,Moto,2022-03-03
28,Matheus Oliveira,Fortaleza,CE,Moto,2023-02-18
29,Matheus Silva,Curitiba,PR,Bicicleta,2022-02-10
30,Pedro Oliveira,Recife,PE,Carro,2022-05-13
31,Lucas Santos,Salvador,BA,Bicicleta,2022-10-12
32,Rodrigo Costa,Recife,PE,Bicicleta,2022-09-24
33,Gabriel Nascimento,Fortaleza,CE,Carro,2022-09-25
34,Lucas Ferreira,Recife,PE,Moto,2022-03-17
35,Thiago Nascimento,Goiânia,GO,Moto,2023-04-19
36,Thiago Santos,Rio de Janeiro,RJ,Bicicleta,2023-03-21
37,Rafael Ferreira,Brasília,DF,Bicicleta,2022-07-16
38,Thiago Nascimento,Fortaleza,CE,Bicicleta,2022-01-20
39,João Ferreira,Belo Horizonte,MG,Moto,2022-11-13
40,Felipe Silva,Goiânia,GO,Bicicleta,2023-04-01
41,Pedro Silva,Salvador,BA,Carro,2022-09-01
42,Rafael Silva,Porto Alegre,RS,Bicicleta,2023-02-23
43,João Pereira,Porto Alegre,RS,Bicicleta,2023-03-16
44,Pedro Oliveira,Rio de Janeiro,RJ,Bicicleta,2023-05-14
45,Rafael Pereira,Fortaleza,CE,Carro,2022-08-02
46,Lucas Souza,Goiânia,GO,Bicicleta,2022-04-19
47,Bruno Almeida,Recife,PE,Bicicleta,2023-02-25
48,Rodrigo Oliveira,São Paulo,SP,Moto,2022-06-09
49,Felipe Oliveira,Brasília,DF,Carro,2023-03-27
50,Gabriel Oliveira,Goiânia,GO,Moto,2023-03-25
51,Gabriel Souza,Curitiba,PR,Moto,2022-08-22
52,Rafael Souza,São Paulo,SP,Bicicleta,2022-07-08
53,Rodrigo Ferreira,Fortaleza,CE,Carro,2023-04-18
54,Gabriel Souza,Rio de Janeiro,RJ,Bicicleta,2022-09-08
55,Bruno Oliveira,Goiânia,GO,Bicicleta,2022-10-28
56,Rafael Costa,Brasília,DF,Moto,2023-03-05
57,Lucas Pereira,Porto Alegre,RS,Moto,2022-07-17
58,Matheus Nascimento,São Paulo,SP,Moto,2023-03-15
59,Pedro Souza,Curitiba,PR,Bicicleta,2022-11-30
60,Rodrigo Silva,Recife,PE,Carro,2022-01-05
61,Matheus Oliveira,Fortaleza,CE,Carro,2023-02-15
62,Pedro Pereira,São Paulo,SP,Carro,2023-02-17
63,João Ferreira,Porto Alegre,RS,Bicicleta,2023-03-13
64,Bruno Pereira,Salvador,BA,Moto,2022-08-27
65,Rodrigo Nascimento,Porto Alegre,RS,Bicicleta,2022-10-27
66,Gabriel Almeida,Rio de Janeiro,RJ,Carro,2023-05-10
67,Rodrigo Nascimento,Salvador,BA,Carro,2022-05-25
68,Lucas Rodrigues,Porto Alegre,RS,Moto,2022-06-22
69,Rafael Pereira,Porto Alegre,RS,Bicicleta,2022-12-02
70,Pedro Oliveira,Porto Alegre,RS,Carro,2023-01-27
71,Gabriel Nascimento,Curitiba,PR,Bicicleta,2022-12-05
72,Matheus Silva,Salvador,BA,Carro,2022-09-12
73,João Ferreira,Porto Alegre,RS,Bicicleta,2022-07-18
74,Thiago Nascimento,São Paulo,SP,Moto,2022-06-25
75,Rodrigo Rodrigues,Curitiba,PR,Carro,2022-07-03
76,João Oliveira,Brasília,DF,Carro,2023-03-25
77,Matheus Pereira,Brasília,DF,Moto,2022-08-30
78,João Almeida,Belo Horizonte,MG,Moto,2023-04-30
79,Lucas Souza,Salvador,BA,Bicicleta,2022-04-25
80,Felipe Costa,Porto Alegre,RS,Bicicleta,2022-05-14
81,João Rodrigues,Goiânia,GO,Moto,2022-08-29
82,Thiago Nascimento,São Paulo,SP,Carro,2022-02-06
83,Pedro Almeida,Fortaleza,CE,Moto,2023-03-21
84,Rodrigo Pereira,Recife,PE,Bicicleta,2022-01-28
85,Matheus Souza,Belo Horizonte,MG,Bicicleta,2022-07-29
86,Bruno Oliveira,Goiânia,GO,Bicicleta,2023-03-18
87,Lucas Rodrigues,Belo Horizonte,MG,Bicicleta,2022-11-20
88,Rafael Silva,Belo Horizonte,MG,Moto,2022-08-20
89,Pedro Oliveira,Porto Alegre,RS,Carro,2023-01-27
90,Bruno Santos,Belo Horizonte,MG,Moto,2022-11-11
91,Felipe Ferreira,Recife,PE,Bicicleta,2023-05-10
92,Felipe Silva,Fortaleza,CE,Moto,2022-10-01
93,Rafael Silva,Curitiba,PR,Bicicleta,2023-01-23
94,Pedro Silva,Brasília,DF,Carro,2022-01-03
95,Pedro Costa,Curitiba,PR,Bicicleta,2022-03-08
96,Felipe Almeida,Rio de Janeiro,RJ,Carro,2022-06-06
97,Lucas Silva,Belo Horizonte,MG,Bicicleta,2023-05-01
98,Bruno Almeida,Porto Alegre,RS,Carro,2022-09-26
99,Felipe Oliveira,Salvador,BA,Bicicleta,2023-04-07
100,Rafael Souza,Fortaleza,CE,Moto,2023-05-01
